Name,MAE
Random Regressor,1371.460606060606
Average Regressor,1385.4883800410119
