Name,MAE
Random Regressor,1376.260606060606
Average Regressor,1385.4883800410119
