,Feature name,Difference,Difference_std
0,A,-13.604084020726987,21.79035945963386
1,C,58.70883389574624,38.6755581752898
2,G,44.20956678163111,21.27234302250907
3,T,18.146988317272644,25.78014106506175
4,G>A,23.97213692401283,24.085710509336707
5,C>T,27.51813586771732,22.691154221574223
6,A>G,15.189530200074614,24.220031226854758
7,T>C,7.371237354218465,20.059700830715588
8,A>C,0.0901588841488774,26.940118799483354
9,A>T,13.910508881095666,32.40463906728674
10,C>G,19.628376693828613,28.71775075176866
11,C>A,14.418686348266874,29.07818267638334
12,T>G,13.8055275062909,31.0625334577943
13,T>A,80.26065987103493,18.676954815988847
14,G>C,35.92172254939078,34.11664848738855
15,G>T,24.67326680473866,42.270537990600076
16,A>-,-3.3315477900603128,21.289606206239874
17,T>-,-3.894195682938971,24.462937315182465
18,C>-,2.4200411365420678,24.260595707234497
19,G>-,2.19772272697719,25.934972783725375
20,->A,-9.184671730251011,14.290719448732851
21,->T,62.21976708237594,22.583963029578555
22,->C,29.472261448910558,30.15214338179069
23,->G,42.06188997791196,25.840583672130663
24,S,-4.83695782495397,19.90362576767063
